Jurisdiction Type,Name,Street,City,State,Zip,Phone,Website,Website Domain
School District,Baraboo School District,423 Linn Street,Baraboo,WI,53913,(608) 355-3950,https://www.baraboo.k12.wi.us/,www.baraboo.k12.wi.us
School District,DeForest Area School District,500 S Cleveland Ave,DeForest,WI,53532,(608) 842-6500,https://www.deforest.k12.wi.us/,www.deforest.k12.wi.us
Court,Eastern Columbia County Joint Municipal Court,165 E Dodge Street,Wyocena,WI,53969,(608) 429-2323,https://www.eccjmc.com/,www.eccjmc.com
Sanitary District,Harmony Grove,W10901 W Lake Point Dr.,Lodi,WI,53555,(608) 592-5795,http://mobile.harmonygrove-okee.com/,mobile.harmonygrove-okee.com
Sanitary District,Okee,W10901 W Lake Point Dr.,Lodi,WI,53555,(608) 592-5795,http://mobile.harmonygrove-okee.com/,mobile.harmonygrove-okee.com
School District,Markesan District Schools,100 E. Vista Blvd,Markesan,WI,53946,(608) 398-2373,https://www.markesan.k12.wi.us/,www.markesan.k12.wi.us
Court,Portage Multi-jurisdiction,115 W Pleasant Street,Portage,WI,53901,(608) 742-2258,https://portagewi.gov/municipal-court,portagewi.gov
School District,Sauk Prairie School District,440 13th Street,Prairie du Sac,WI,53578,(608) 643-5990,https://www.saukprairieschools.org/,www.saukprairieschools.org
School District,Sun Prairie Area School District,501 South Bird Street,Sun Prairie,WI,53590,(608) 834-6500,https://www.sunprairieschools.org/,www.sunprairieschools.org